0,1,2,3,4,5,6,7,8,9
e,Edit  View,Tosert,Sheet,Sheet,Data,Tools,Window, Help,
,,,,,,,,,W++ Az
,iberation Sans,,10 pt,,,,,,
3,,,How to import data?,,How to import data?,,,,
,,,,B,,,,,
,author name.text title.text.,author name.text title.text.,author name.text title.text.,,,,author photo.src,author photo.src,
,Jacob Pomykala,Jacob Pomykala,How to import data?.,,,,https://cdn.bannerly.io/_test/jakub-1.jpg,,https://cdn.bannerly.io/_test/jakub-1.jpg
,Jakub Pomykata,Jakub Pomykata,Image generation made easy.https://cdn.bannerly.io/_test/jakub-2.jpg,,,,Image generation made easy.https://cdn.bannerly.io/_test/jakub-2.jpg,,Image generation made easy.https://cdn.bannerly.io/_test/jakub-2.jpg
,Brian Chesky,,Sharing the Future,,,,https://cdn.bannerly io/_test/hrian-cheskx ing,,https://cdn.bannerly io/_test/hrian-cheskx ing
,Elon Musk.,,The future we're building.,,The future we're building.,,https://cdn.bannerly.io/_test/elon-musk.Jng,https://cdn.bannerly.io/_test/elon-musk.Jng,https://cdn.bannerly.io/_test/elon-musk.Jng
